model,macro_auc,weighted_auc
original,0.9999870751054678,0.9999847403423235
reduced,0.9999494299815955,0.9999423769561202
