model,accuracy,precision_macro
original,0.9951749095295537,0.9952380952380953
reduced,0.9927623642943305,0.9930897510133179
