{
  "basic_metrics": {
    "original": {
      "accuracy": 0.9951749095295537,
      "precision_macro": 0.9952380952380953,
      "recall_macro": 0.9959279688513952,
      "f1_macro": 0.9955416429192214,
      "precision_weighted": 0.9952897926359928,
      "recall_weighted": 0.9951749095295537,
      "f1_weighted": 0.9951887283380377,
      "balanced_accuracy": 0.9959279688513952,
      "mcc": 0.9939560409856164,
      "cohen_kappa": 0.9939323741507428
    },
    "reduced": {
      "accuracy": 0.9927623642943305,
      "precision_macro": 0.9930897510133179,
      "recall_macro": 0.9934889444611514,
      "f1_macro": 0.9932827839723053,
      "precision_weighted": 0.9927799170626458,
      "recall_weighted": 0.9927623642943305,
      "f1_weighted": 0.9927642936266571,
      "balanced_accuracy": 0.9934889444611514,
      "mcc": 0.9909010952707455,
      "cohen_kappa": 0.9908974619400813
    }
  },
  "timings": {
    "orig_predict_proba_s": 0.021372318267822266,
    "orig_predict_s": 0.02287745475769043,
    "orig_total_inference_s": 0.044249773025512695,
    "reduced_predict_proba_s": 0.09133696556091309,
    "reduced_predict_s": 0.11220908164978027,
    "reduced_total_inference_s": 0.20354604721069336,
    "orig_per_sample_ms": 0.05337728953620349,
    "reduced_per_sample_ms": 0.2455320231733334,
    "reduced_train_time_s": 0.8291118144989014,
    "orig_model_size_kb": 4410.322265625,
    "reduced_model_size_kb": 8630.0634765625
  },
  "auc_summary": {
    "orig_macro_auc": 0.9999870751054678,
    "orig_weighted_auc": 0.9999847403423235,
    "reduced_macro_auc": 0.9999494299815955,
    "reduced_weighted_auc": 0.9999423769561202
  },
  "selected_features": [
    "center_mass_velocity_y",
    "nose_y",
    "person_height",
    "nose_z",
    "left_hip_y",
    "left_knee_x",
    "right_knee_visibility",
    "right_ankle_visibility",
    "left_ankle_visibility",
    "right_hip_z",
    "left_hip_z",
    "left_wrist_y",
    "right_wrist_visibility",
    "right_wrist_y",
    "right_knee_x",
    "left_shoulder_x",
    "left_knee_z",
    "nose_visibility",
    "left_hip_visibility",
    "left_shoulder_z",
    "right_knee_angle",
    "left_wrist_visibility",
    "nose_x",
    "right_shoulder_x",
    "right_wrist_x",
    "right_knee_z",
    "left_shoulder_visibility",
    "left_knee_visibility",
    "left_ankle_z",
    "left_knee_angle",
    "center_mass_x"
  ],
  "uploaded_project_pdf": "/mnt/data/Proyecto_25-2.pdf"
}