class,orig_ap,reduced_ap
0,1.0000000000000002,1.0
1,1.0,1.0
2,0.9999999999999998,1.0
3,0.99982807402384,0.9994591273274875
4,0.9999630450849963,0.9996735494230189
