class,orig_auc,reduced_auc
0,1.0,1.0
1,1.0,1.0
2,1.0,1.0
3,0.9999445447919637,0.9998296732896029
4,0.9999908307353751,0.9999174766183752
