model,cv_mean_accuracy,cv_std
RandomForest,0.9945696800681695,0.0027968329363165637
SVM,0.9891375374225916,0.0029230063678414766
XGBoost,0.9927588139601646,0.0033580299146011156
