Activity,AUC
0,1.0
1,1.0
2,1.0
3,0.9999445447919637
4,0.9999908307353751
